{
  "augment_count": 0,
  "leftover_items": {
    "Desc_NonFissibleUranium_C": 0.0,
    "Desc_NuclearWaste_C": 0.0,
    "Desc_PlutoniumCell_C": 0.0,
    "Desc_PlutoniumPellet_C": 0.0,
    "__POWERSHARD__": 1044.8408760212908,
    "__POWER_MW__": 0.0,
    "__SOMERSLOOP__": 0.0
  },
  "mode_usage": {
    "Recipe_Alternate_AILimiter_Plastic_C|clk=1.00|ps=0|sl=0/2": 198.3841255254357,
    "Recipe_Alternate_AlcladCasing_C|clk=1.00|ps=0|sl=0/2": 26.2591337509407,
    "Recipe_Alternate_BoltedFrame_C|clk=1.00|ps=0|sl=0/2": 227.6470806044909,
    "Recipe_Alternate_CateriumIngot_Leached_C|clk=1.00|ps=0|sl=0/2": 18.483838700957566,
    "Recipe_Alternate_CircuitBoard_1_C|clk=1.00|ps=0|sl=0/2": 463.08817646274224,
    "Recipe_Alternate_ClassicBattery_C|clk=1.00|ps=0|sl=0/4": 82.51812437277215,
    "Recipe_Alternate_CoatedIronCanister_C|clk=1.00|ps=0|sl=0/2": 54.02563767732028,
    "Recipe_Alternate_CoatedIronPlate_C|clk=1.00|ps=0|sl=0/2": 159.8671812068999,
    "Recipe_Alternate_Computer_1_C|clk=1.00|ps=0|sl=0/4": 202.40930314145777,
    "Recipe_Alternate_Computer_2_C|clk=1.00|ps=0|sl=0/2": 224.28449578555978,
    "Recipe_Alternate_CoolingDevice_C|clk=1.00|ps=0|sl=0/2": 33.920438010645384,
    "Recipe_Alternate_CopperRotor_C|clk=1.00|ps=0|sl=0/2": 93.01606208095421,
    "Recipe_Alternate_CrystalOscillator_C|clk=1.00|ps=0|sl=0/4": 380.37368129601725,
    "Recipe_Alternate_DarkMatter_Trap_C|clk=1.00|ps=0|sl=0/4": 66.90100377439566,
    "Recipe_Alternate_Diamond_Turbo_C|clk=1.00|ps=0|sl=0/4": 81.03845651598041,
    "Recipe_Alternate_DilutedFuel_C|clk=1.00|ps=0|sl=0/2": 233.75991804298047,
    "Recipe_Alternate_ElectricMotor_C|clk=1.00|ps=0|sl=0/2": 64.0719384645524,
    "Recipe_Alternate_ElectroAluminumScrap_C|clk=1.00|ps=0|sl=0/2": 120.53611069924807,
    "Recipe_Alternate_ElectromagneticControlRod_1_C|clk=1.00|ps=0|sl=0/2": 0.9359032616332821,
    "Recipe_Alternate_EncasedIndustrialBeam_C|clk=1.00|ps=0|sl=0/2": 365.4395333664727,
    "Recipe_Alternate_EnrichedCoal_C|clk=1.00|ps=0|sl=0/2": 44.64963253530612,
    "Recipe_Alternate_FlexibleFramework_C|clk=1.00|ps=0|sl=0/4": 28.274905483169476,
    "Recipe_Alternate_HeatFusedFrame_C|clk=1.00|ps=0|sl=0/2": 37.68937556738376,
    "Recipe_Alternate_HeatSink_1_C|clk=1.00|ps=0|sl=0/2": 38.1687506582136,
    "Recipe_Alternate_HeavyOilResidue_C|clk=1.00|ps=0|sl=0/2": 420.0,
    "Recipe_Alternate_HighSpeedConnector_C|clk=1.00|ps=0|sl=0/4": 1.2478710155110428,
    "Recipe_Alternate_IngotSteel_2_C|clk=1.00|ps=0|sl=0/2": 446.4963253530612,
    "Recipe_Alternate_IronIngot_Basic_C|clk=1.00|ps=0|sl=0/2": 182.5378554799144,
    "Recipe_Alternate_ModularFrameHeavy_C|clk=1.00|ps=0|sl=0/4": 155.92086756969502,
    "Recipe_Alternate_ModularFrame_C|clk=1.00|ps=0|sl=0/2": 45.73399977071444,
    "Recipe_Alternate_NuclearFuelRod_1_C|clk=1.00|ps=0|sl=0/4": 141.61042158560693,
    "Recipe_Alternate_Plastic_1_C|clk=1.00|ps=0|sl=0/2": 365.21827355400455,
    "Recipe_Alternate_PureCateriumIngot_C|clk=1.00|ps=0|sl=0/2": 258.19899423251155,
    "Recipe_Alternate_PureCopperIngot_C|clk=1.00|ps=0|sl=0/2": 1930.2618715406502,
    "Recipe_Alternate_PureIronIngot_C|clk=1.00|ps=0|sl=0/2": 2437.2591996067663,
    "Recipe_Alternate_PureQuartzCrystal_C|clk=1.00|ps=0|sl=0/2": 42.513329440562096,
    "Recipe_Alternate_Quartz_Purified_C|clk=1.00|ps=0|sl=0/2": 65.33408971561084,
    "Recipe_Alternate_Quickwire_C|clk=1.00|ps=0|sl=0/2": 501.8408165366148,
    "Recipe_Alternate_RecycledRubber_C|clk=1.00|ps=0|sl=0/2": 340.27498590366656,
    "Recipe_Alternate_ReinforcedIronPlate_2_C|clk=1.00|ps=0|sl=0/2": 370.0429192587536,
    "Recipe_Alternate_Screw_2_C|clk=1.00|ps=0|sl=0/1": 192.3412438092877,
    "Recipe_Alternate_Silica_C|clk=1.00|ps=0|sl=0/2": 124.01153319505589,
    "Recipe_Alternate_Silica_Distilled_C|clk=1.00|ps=0|sl=0/2": 32.66704485780542,
    "Recipe_Alternate_SloppyAlumina_C|clk=1.00|ps=0|sl=0/2": 90.40208302443605,
    "Recipe_Alternate_SteamedCopperSheet_C|clk=1.00|ps=0|sl=0/2": 695.0298139869639,
    "Recipe_Alternate_SteelBeam_Molded_C|clk=1.00|ps=0|sl=0/2": 37.2080271127551,
    "Recipe_Alternate_SteelPipe_Iron_C|clk=1.00|ps=0|sl=0/1": 960.2161520206632,
    "Recipe_Alternate_SuperStateComputer_C|clk=1.00|ps=0|sl=0/4": 103.1476554659652,
    "Recipe_Alternate_TurboBlendFuel_C|clk=1.00|ps=0|sl=0/2": 72.03418356976037,
    "Recipe_Alternate_TurboPressureMotor_C|clk=1.00|ps=0|sl=0/4": 15.075750226953506,
    "Recipe_Alternate_UraniumCell_1_C|clk=1.00|ps=0|sl=0/4": 141.61042158560693,
    "Recipe_Alternate_WetConcrete_C|clk=1.00|ps=0|sl=0/2": 245.80630728488214,
    "Recipe_Alternate_Wire_1_C|clk=1.00|ps=0|sl=0/1": 5242.56850008884,
    "Recipe_AluminumSheet_C|clk=1.00|ps=0|sl=0/2": 203.77457059784916,
    "Recipe_BauxiteImpure|clk=2.50|ps=3|sl=0/0": 5.0,
    "Recipe_BauxiteNormal|clk=2.50|ps=3|sl=0/0": 6.0,
    "Recipe_BauxitePure|clk=2.50|ps=3|sl=0/0": 6.0,
    "Recipe_Bauxite_Caterium_C|clk=1.00|ps=0|sl=0/2": 52.03397899045342,
    "Recipe_Bauxite_Copper_C|clk=1.00|ps=0|sl=0/2": 44.144844038279146,
    "Recipe_Cable_C|clk=1.00|ps=0|sl=0/1": 1084.8643777920531,
    "Recipe_CateriumOreNormal|clk=2.50|ps=3|sl=0/0": 9.0,
    "Recipe_CateriumOrePure|clk=2.50|ps=3|sl=0/0": 8.0,
    "Recipe_CoalImpure|clk=2.50|ps=3|sl=0/0": 15.0,
    "Recipe_CoalNormal|clk=2.50|ps=3|sl=0/0": 31.0,
    "Recipe_CoalPure|clk=2.50|ps=3|sl=0/0": 16.0,
    "Recipe_Coal_Limestone_C|clk=1.00|ps=0|sl=0/2": 61.99428935809089,
    "Recipe_CopperDust_C|clk=1.00|ps=0|sl=0/1": 113.06812670215129,
    "Recipe_CopperOreImpure|clk=2.50|ps=3|sl=0/0": 13.0,
    "Recipe_CopperOreNormal|clk=2.50|ps=3|sl=0/0": 29.0,
    "Recipe_CopperOrePure|clk=2.50|ps=3|sl=0/0": 13.0,
    "Recipe_CrudeOilNodeImpure|clk=2.50|ps=3|sl=0/0": 10.0,
    "Recipe_CrudeOilNodeNormal|clk=2.50|ps=3|sl=0/0": 12.0,
    "Recipe_CrudeOilNodePure|clk=2.50|ps=3|sl=0/0": 8.0,
    "Recipe_CrudeOilWellImpure|clk=2.50|ps=3|sl=0/0": 8.0,
    "Recipe_CrudeOilWellNormal|clk=2.50|ps=3|sl=0/0": 6.0,
    "Recipe_CrudeOilWellPure|clk=2.50|ps=3|sl=0/0": 4.0,
    "Recipe_ElectromagneticControlRod_C|clk=1.00|ps=0|sl=0/2": 218.46808794336332,
    "Recipe_FicsiteIngot_AL_C|clk=1.00|ps=0|sl=0/2": 14.137452741584742,
    "Recipe_FicsiteMesh_C|clk=1.00|ps=0|sl=0/1": 42.41235822475423,
    "Recipe_GasTank_C|clk=1.00|ps=0|sl=0/1": 11.306812670215129,
    "Recipe_IngotSAM_C|clk=1.00|ps=0|sl=0/1": 85.0,
    "Recipe_IronOreImpure|clk=2.50|ps=3|sl=0/0": 39.0,
    "Recipe_IronOreNormal|clk=2.50|ps=3|sl=0/0": 42.0,
    "Recipe_IronOrePure|clk=2.50|ps=3|sl=0/0": 46.0,
    "Recipe_LimestoneImpure|clk=1.00|ps=0|sl=0/0": 15.0,
    "Recipe_LimestoneNormal|clk=2.50|ps=3|sl=0/0": 50.0,
    "Recipe_LimestonePure|clk=2.50|ps=3|sl=0/0": 28.0,
    "Recipe_NitricAcid_C|clk=1.00|ps=0|sl=0/2": 60.42615565424705,
    "Recipe_NitrogenGasWellImpure|clk=2.50|ps=3|sl=0/0": 2.0,
    "Recipe_NitrogenGasWellNormal|clk=2.50|ps=3|sl=0/0": 7.0,
    "Recipe_NitrogenGasWellPure|clk=2.50|ps=3|sl=0/0": 36.0,
    "Recipe_NonFissileUranium_C|clk=1.00|ps=0|sl=0/2": 16.99325059027283,
    "Recipe_NuclearWaste|clk=1.00|ps=0|sl=0/0": 424.83126475682076,
    "Recipe_PackagedNitrogen_C|clk=1.00|ps=0|sl=0/0": 11.306812670215129,
    "Recipe_PackagedTurboFuel_C|clk=1.00|ps=0|sl=0/0": 162.07691303196083,
    "Recipe_PetroleumCoke_C|clk=1.00|ps=0|sl=0/2": 73.77446476895416,
    "Recipe_PlutoniumCell_C|clk=1.00|ps=0|sl=0/2": 25.489875885409244,
    "Recipe_PlutoniumFuelRod_C|clk=1.00|ps=0|sl=0/4": 16.99325059027283,
    "Recipe_Plutonium_C|clk=1.00|ps=0|sl=0/4": 8.496625295136415,
    "Recipe_PressureConversionCube_C|clk=1.00|ps=0|sl=0/2": 56.534063351075645,
    "Recipe_PureAluminumIngot_C|clk=1.00|ps=0|sl=0/1": 602.6805534962403,
    "Recipe_QuantumEnergy_C|clk=1.00|ps=0|sl=0/2": 45.94278450633458,
    "Recipe_RadioControlUnit_C|clk=1.00|ps=0|sl=0/4": 45.227250680860514,
    "Recipe_RawQuartzImpure|clk=2.50|ps=3|sl=0/0": 3.0,
    "Recipe_RawQuartzNormal|clk=2.50|ps=3|sl=0/0": 7.0,
    "Recipe_RawQuartzPure|clk=2.50|ps=3|sl=0/0": 7.0,