{
  "augment_count": 0,
  "leftover_items": {
    "Desc_NonFissibleUranium_C": 0.0,
    "Desc_NuclearWaste_C": 0.0,
    "Desc_PlutoniumCell_C": 0.0,
    "Desc_PlutoniumPellet_C": 0.0,
    "__POWERSHARD__": 52.243935894393885,
    "__POWER_MW__": 0.0,
    "__SOMERSLOOP__": 0.0
  },
  "mode_usage": {
    "Recipe_Alternate_AILimiter_Plastic_C|clk=1.00|ps=0|sl=0/2": 9.805164667314432,
    "Recipe_Alternate_AlcladCasing_C|clk=1.00|ps=0|sl=0/2": 1.313429185222106,
    "Recipe_Alternate_BoltedFrame_C|clk=1.00|ps=0|sl=0/2": 11.558546012552822,
    "Recipe_Alternate_CateriumIngot_Leached_C|clk=1.00|ps=0|sl=0/2": 0.9275556942064206,
    "Recipe_Alternate_CircuitBoard_1_C|clk=1.00|ps=0|sl=0/2": 23.331324188903364,
    "Recipe_Alternate_ClassicBattery_C|clk=1.00|ps=0|sl=0/4": 4.132073901610818,
    "Recipe_Alternate_CoatedIronCanister_C|clk=1.00|ps=0|sl=0/2": 2.7033258118452523,
    "Recipe_Alternate_CoatedIronPlate_C|clk=1.00|ps=0|sl=0/2": 8.03058048143775,
    "Recipe_Alternate_Computer_1_C|clk=1.00|ps=0|sl=0/4": 10.292193224700822,
    "Recipe_Alternate_Computer_2_C|clk=1.00|ps=0|sl=0/2": 11.054368510377546,
    "Recipe_Alternate_CoolingDevice_C|clk=1.00|ps=0|sl=0/2": 1.696967947196945,
    "Recipe_Alternate_CopperRotor_C|clk=1.00|ps=0|sl=0/2": 4.647622361108255,
    "Recipe_Alternate_CrystalOscillator_C|clk=1.00|ps=0|sl=0/4": 18.872854459248473,
    "Recipe_Alternate_DarkMatter_Trap_C|clk=1.00|ps=0|sl=0/4": 3.347218212326333,
    "Recipe_Alternate_Diamond_Turbo_C|clk=1.00|ps=0|sl=0/4": 4.054988717767878,
    "Recipe_Alternate_DilutedFuel_C|clk=1.00|ps=0|sl=0/2": 11.683936283823944,
    "Recipe_Alternate_ElectricMotor_C|clk=1.00|ps=0|sl=0/2": 3.205383900260896,
    "Recipe_Alternate_ElectroAluminumScrap_C|clk=1.00|ps=0|sl=0/2": 6.031844760827005,
    "Recipe_Alternate_ElectromagneticControlRod_1_C|clk=1.00|ps=0|sl=0/2": 0.12270617926505312,
    "Recipe_Alternate_EncasedIndustrialBeam_C|clk=1.00|ps=0|sl=0/2": 18.29646430696348,
    "Recipe_Alternate_EnrichedCoal_C|clk=1.00|ps=0|sl=0/2": 2.2454797755509,
    "Recipe_Alternate_FlexibleFramework_C|clk=1.00|ps=0|sl=0/4": 1.4155410108830908,
    "Recipe_Alternate_HeatFusedFrame_C|clk=1.00|ps=0|sl=0/2": 1.8855199413299392,
    "Recipe_Alternate_HeatSink_1_C|clk=1.00|ps=0|sl=0/2": 1.908527538454994,
    "Recipe_Alternate_HeavyOilResidue_C|clk=1.00|ps=0|sl=0/2": 21.0,
    "Recipe_Alternate_HighSpeedConnector_C|clk=1.00|ps=0|sl=0/4": 0.16360823902007082,
    "Recipe_Alternate_IngotSteel_2_C|clk=1.00|ps=0|sl=0/2": 22.454797755508997,
    "Recipe_Alternate_IronIngot_Basic_C|clk=1.00|ps=0|sl=0/2": 8.756823666214355,
    "Recipe_Alternate_ModularFrameHeavy_C|clk=1.00|ps=0|sl=0/4": 7.806491437637752,
    "Recipe_Alternate_ModularFrame_C|clk=1.00|ps=0|sl=0/2": 2.0214115034435396,
    "Recipe_Alternate_NuclearFuelRod_1_C|clk=1.00|ps=0|sl=0/4": 7.051986375268305,
    "Recipe_Alternate_Plastic_1_C|clk=1.00|ps=0|sl=0/2": 18.22733235886474,
    "Recipe_Alternate_PureCateriumIngot_C|clk=1.00|ps=0|sl=0/2": 12.915830306488055,
    "Recipe_Alternate_PureCopperIngot_C|clk=1.00|ps=0|sl=0/2": 96.6970300474831,
    "Recipe_Alternate_PureIronIngot_C|clk=1.00|ps=0|sl=0/2": 122.10872627334559,
    "Recipe_Alternate_PureQuartzCrystal_C|clk=1.00|ps=0|sl=0/2": 2.0745811953451085,
    "Recipe_Alternate_Quartz_Purified_C|clk=1.00|ps=0|sl=0/2": 3.2660067780705424,
    "Recipe_Alternate_Quickwire_C|clk=1.00|ps=0|sl=0/2": 25.11759582257171,
    "Recipe_Alternate_RecycledRubber_C|clk=1.00|ps=0|sl=0/2": 17.03138477132164,
    "Recipe_Alternate_ReinforcedIronPlate_2_C|clk=1.00|ps=0|sl=0/2": 18.64414536195694,
    "Recipe_Alternate_Screw_2_C|clk=1.00|ps=0|sl=0/1": 9.709549239128865,
    "Recipe_Alternate_Silica_C|clk=1.00|ps=0|sl=0/2": 6.357553597588448,
    "Recipe_Alternate_Silica_Distilled_C|clk=1.00|ps=0|sl=0/2": 1.6330033890352713,
    "Recipe_Alternate_SloppyAlumina_C|clk=1.00|ps=0|sl=0/2": 4.523883570620254,
    "Recipe_Alternate_SteamedCopperSheet_C|clk=1.00|ps=0|sl=0/2": 34.96590246655365,
    "Recipe_Alternate_SteelBeam_Molded_C|clk=1.00|ps=0|sl=0/2": 1.8712331462924166,
    "Recipe_Alternate_SteelPipe_Iron_C|clk=1.00|ps=0|sl=0/1": 47.91667321428157,
    "Recipe_Alternate_SuperStateComputer_C|clk=1.00|ps=0|sl=0/4": 5.165092377013522,
    "Recipe_Alternate_TurboBlendFuel_C|clk=1.00|ps=0|sl=0/2": 3.60443441579367,
    "Recipe_Alternate_TurboPressureMotor_C|clk=1.00|ps=0|sl=0/4": 0.7542079765319756,
    "Recipe_Alternate_UraniumCell_1_C|clk=1.00|ps=0|sl=0/4": 7.051986375268305,
    "Recipe_Alternate_WetConcrete_C|clk=1.00|ps=0|sl=0/2": 12.310649573679977,
    "Recipe_Alternate_Wire_1_C|clk=1.00|ps=0|sl=0/1": 262.5675441276885,
    "Recipe_AluminumSheet_C|clk=1.00|ps=0|sl=0/2": 10.202084184810657,
    "Recipe_BauxiteImpure|clk=2.50|ps=3|sl=0/0": 0.25,
    "Recipe_BauxiteNormal|clk=2.50|ps=3|sl=0/0": 0.3,
    "Recipe_BauxitePure|clk=2.50|ps=3|sl=0/0": 0.3,
    "Recipe_CateriumOreNormal|clk=2.50|ps=3|sl=0/0": 0.45,
    "Recipe_CateriumOrePure|clk=2.50|ps=3|sl=0/0": 0.4,
    "Recipe_CoalImpure|clk=2.50|ps=3|sl=0/0": 0.75,
    "Recipe_CoalNormal|clk=2.50|ps=3|sl=0/0": 1.55,
    "Recipe_CoalPure|clk=2.50|ps=3|sl=0/0": 0.8,
    "Recipe_CopperOreNormal|clk=2.50|ps=3|sl=0/0": 1.45,
    "Recipe_IronOreNormal|clk=2.50|ps=3|sl=0/0": 2.1,
    "Recipe_LimestoneNormal|clk=2.50|ps=3|sl=0/0": 2.5,
    "Recipe_WaterPump_C|clk=1.00|ps=0|sl=0/0": 73.67604043418
  },
  "net_power_left_mw": 0.0,
  "sunk_items": {
    "Desc_PlutoniumFuelRod_C": 0.21155959125804905,
    "Desc_SpaceElevatorPart_11_C": 5.656559823989817,
    "Desc_SpaceElevatorPart_12_C": 5.933503384669639,
    "Desc_SpaceElevatorPart_7_C": 8.14959867218318
  },
  "total_power_consumed_mw": 53288.39781451224,
  "total_power_produced_mw": 52889.89781451227,
  "total_score": 24032441.356171478
}