{
  "augment_count": 0,
  "leftover_items": {
    "Desc_NonFissibleUranium_C": 0.0,
    "Desc_NuclearWaste_C": 0.0,
    "Desc_PlutoniumCell_C": 0.0,
    "Desc_PlutoniumPellet_C": 0.0,
    "__POWERSHARD__": 1044.8787178878777,
    "__POWER_MW__": 0.0,
    "__SOMERSLOOP__": 0.0
  },
  "mode_usage": {
    "Recipe_Alternate_AILimiter_Plastic_C|clk=1.00|ps=0|sl=0/2": 196.10329334628864,
    "Recipe_Alternate_AlcladCasing_C|clk=1.00|ps=0|sl=0/2": 26.26858370444212,
    "Recipe_Alternate_BoltedFrame_C|clk=1.00|ps=0|sl=0/2": 231.17092025105643,
    "Recipe_Alternate_CateriumIngot_Leached_C|clk=1.00|ps=0|sl=0/2": 18.551113884128412,
    "Recipe_Alternate_CircuitBoard_1_C|clk=1.00|ps=0|sl=0/2": 466.6264837780673,
    "Recipe_Alternate_ClassicBattery_C|clk=1.00|ps=0|sl=0/4": 82.64147803221636,
    "Recipe_Alternate_CoatedIronCanister_C|clk=1.00|ps=0|sl=0/2": 54.066516236905045,
    "Recipe_Alternate_CoatedIronPlate_C|clk=1.00|ps=0|sl=0/2": 160.61160962875502,
    "Recipe_Alternate_Computer_1_C|clk=1.00|ps=0|sl=0/4": 205.84386449401643,
    "Recipe_Alternate_Computer_2_C|clk=1.00|ps=0|sl=0/2": 221.0873702075509,
    "Recipe_Alternate_CoolingDevice_C|clk=1.00|ps=0|sl=0/2": 33.9393589439389,
    "Recipe_Alternate_CopperRotor_C|clk=1.00|ps=0|sl=0/2": 92.9524472221651,
    "Recipe_Alternate_CrystalOscillator_C|clk=1.00|ps=0|sl=0/4": 377.45708918496945,
    "Recipe_Alternate_DarkMatter_Trap_C|clk=1.00|ps=0|sl=0/4": 66.94436424652666,
    "Recipe_Alternate_Diamond_Turbo_C|clk=1.00|ps=0|sl=0/4": 81.09977435535757,
    "Recipe_Alternate_DilutedFuel_C|clk=1.00|ps=0|sl=0/2": 233.67872567647888,
    "Recipe_Alternate_ElectricMotor_C|clk=1.00|ps=0|sl=0/2": 64.10767800521792,
    "Recipe_Alternate_ElectroAluminumScrap_C|clk=1.00|ps=0|sl=0/2": 120.6368952165401,
    "Recipe_Alternate_ElectromagneticControlRod_1_C|clk=1.00|ps=0|sl=0/2": 2.4541235853010623,
    "Recipe_Alternate_EncasedIndustrialBeam_C|clk=1.00|ps=0|sl=0/2": 365.9292861392696,
    "Recipe_Alternate_EnrichedCoal_C|clk=1.00|ps=0|sl=0/2": 44.909595511018,
    "Recipe_Alternate_FlexibleFramework_C|clk=1.00|ps=0|sl=0/4": 28.310820217661817,
    "Recipe_Alternate_HeatFusedFrame_C|clk=1.00|ps=0|sl=0/2": 37.710398826598784,
    "Recipe_Alternate_HeatSink_1_C|clk=1.00|ps=0|sl=0/2": 38.17055076909988,
    "Recipe_Alternate_HeavyOilResidue_C|clk=1.00|ps=0|sl=0/2": 420.0,
    "Recipe_Alternate_HighSpeedConnector_C|clk=1.00|ps=0|sl=0/4": 3.2721647804014165,
    "Recipe_Alternate_IngotSteel_2_C|clk=1.00|ps=0|sl=0/2": 449.09595511017994,
    "Recipe_Alternate_IronIngot_Basic_C|clk=1.00|ps=0|sl=0/2": 175.1364733242871,
    "Recipe_Alternate_ModularFrameHeavy_C|clk=1.00|ps=0|sl=0/4": 156.12982875275503,
    "Recipe_Alternate_ModularFrame_C|clk=1.00|ps=0|sl=0/2": 40.42823006887079,
    "Recipe_Alternate_NuclearFuelRod_1_C|clk=1.00|ps=0|sl=0/4": 141.0397275053661,
    "Recipe_Alternate_Plastic_1_C|clk=1.00|ps=0|sl=0/2": 364.5466471772948,
    "Recipe_Alternate_PureCateriumIngot_C|clk=1.00|ps=0|sl=0/2": 258.3166061297611,
    "Recipe_Alternate_PureCopperIngot_C|clk=1.00|ps=0|sl=0/2": 1933.940600949662,
    "Recipe_Alternate_PureIronIngot_C|clk=1.00|ps=0|sl=0/2": 2442.1745254669117,
    "Recipe_Alternate_PureQuartzCrystal_C|clk=1.00|ps=0|sl=0/2": 41.49162390690217,
    "Recipe_Alternate_Quartz_Purified_C|clk=1.00|ps=0|sl=0/2": 65.32013556141085,
    "Recipe_Alternate_Quickwire_C|clk=1.00|ps=0|sl=0/2": 502.3519164514342,
    "Recipe_Alternate_RecycledRubber_C|clk=1.00|ps=0|sl=0/2": 340.6276954264328,
    "Recipe_Alternate_ReinforcedIronPlate_2_C|clk=1.00|ps=0|sl=0/2": 372.88290723913883,
    "Recipe_Alternate_Screw_2_C|clk=1.00|ps=0|sl=0/1": 194.1909847825773,
    "Recipe_Alternate_Silica_C|clk=1.00|ps=0|sl=0/2": 127.15107195176897,
    "Recipe_Alternate_Silica_Distilled_C|clk=1.00|ps=0|sl=0/2": 32.660067780705425,
    "Recipe_Alternate_SloppyAlumina_C|clk=1.00|ps=0|sl=0/2": 90.47767141240507,
    "Recipe_Alternate_SteamedCopperSheet_C|clk=1.00|ps=0|sl=0/2": 699.318049331073,
    "Recipe_Alternate_SteelBeam_Molded_C|clk=1.00|ps=0|sl=0/2": 37.42466292584833,
    "Recipe_Alternate_SteelPipe_Iron_C|clk=1.00|ps=0|sl=0/1": 958.3334642856313,
    "Recipe_Alternate_SuperStateComputer_C|clk=1.00|ps=0|sl=0/4": 103.30184754027044,
    "Recipe_Alternate_TurboBlendFuel_C|clk=1.00|ps=0|sl=0/2": 72.0886883158734,
    "Recipe_Alternate_TurboPressureMotor_C|clk=1.00|ps=0|sl=0/4": 15.084159530639512,
    "Recipe_Alternate_UraniumCell_1_C|clk=1.00|ps=0|sl=0/4": 141.0397275053661,
    "Recipe_Alternate_WetConcrete_C|clk=1.00|ps=0|sl=0/2": 246.21299147359954,
    "Recipe_Alternate_Wire_1_C|clk=1.00|ps=0|sl=0/1": 5251.35088255377,
    "Recipe_AluminumSheet_C|clk=1.00|ps=0|sl=0/2": 204.04168369621314,
    "Recipe_BauxiteImpure|clk=2.50|ps=3|sl=0/0": 5.0,
    "Recipe_BauxiteNormal|clk=2.50|ps=3|sl=0/0": 6.0,
    "Recipe_BauxitePure|clk=2.50|ps=3|sl=0/0": 6.0,
    "Recipe_Bauxite_Caterium_C|clk=1.00|ps=0|sl=0/2": 51.99094202095199,
    "Recipe_Bauxite_Copper_C|clk=1.00|ps=0|sl=0/2": 43.83828325419484,
    "Recipe_Cable_C|clk=1.00|ps=0|sl=0/1": 1086.6131562910907,
    "Recipe_CateriumOreNormal|clk=2.50|ps=3|sl=0/0": 9.0,
    "Recipe_CateriumOrePure|clk=2.50|ps=3|sl=0/0": 8.0,
    "Recipe_CoalImpure|clk=2.50|ps=3|sl=0/0": 15.0,
    "Recipe_CoalNormal|clk=2.50|ps=3|sl=0/0": 31.0,
    "Recipe_CoalPure|clk=2.50|ps=3|sl=0/0": 16.0,
    "Recipe_Coal_Limestone_C|clk=1.00|ps=0|sl=0/2": 62.35503750824998,
    "Recipe_CopperDust_C|clk=1.00|ps=0|sl=0/1": 113.13119647979633,
    "Recipe_CopperOreImpure|clk=2.50|ps=3|sl=0/0": 13.0,
    "Recipe_CopperOreNormal|clk=2.50|ps=3|sl=0/0": 29.0,
    "Recipe_CopperOrePure|clk=2.50|ps=3|sl=0/0": 13.0,
    "Recipe_CrudeOilNodeImpure|clk=2.50|ps=3|sl=0/0": 10.0,
    "Recipe_CrudeOilNodeNormal|clk=2.50|ps=3|sl=0/0": 12.0,
    "Recipe_CrudeOilNodePure|clk=2.50|ps=3|sl=0/0": 8.0,
    "Recipe_CrudeOilWellImpure|clk=2.50|ps=3|sl=0/0": 8.0,
    "Recipe_CrudeOilWellNormal|clk=2.50|ps=3|sl=0/0": 6.0,
    "Recipe_CrudeOilWellPure|clk=2.50|ps=3|sl=0/0": 4.0,
    "Recipe_ElectromagneticControlRod_C|clk=1.00|ps=0|sl=0/2": 215.27357613712283,
    "Recipe_FicsiteIngot_AL_C|clk=1.00|ps=0|sl=0/2": 14.155410108830898,
    "Recipe_FicsiteMesh_C|clk=1.00|ps=0|sl=0/1": 42.46623032649269,
    "Recipe_GasTank_C|clk=1.00|ps=0|sl=0/1": 11.313119647979635,
    "Recipe_IngotSAM_C|clk=1.00|ps=0|sl=0/1": 85.0,
    "Recipe_IronOreImpure|clk=2.50|ps=3|sl=0/0": 39.0,
    "Recipe_IronOreNormal|clk=2.50|ps=3|sl=0/0": 42.0,
    "Recipe_IronOrePure|clk=2.50|ps=3|sl=0/0": 46.0,
    "Recipe_LimestoneImpure|clk=1.00|ps=0|sl=0/0": 15.0,
    "Recipe_LimestoneNormal|clk=2.50|ps=3|sl=0/0": 50.0,
    "Recipe_LimestonePure|clk=2.50|ps=3|sl=0/0": 28.0,
    "Recipe_NitricAcid_C|clk=1.00|ps=0|sl=0/2": 60.40408123207128,
    "Recipe_NitrogenGasWellImpure|clk=2.50|ps=3|sl=0/0": 2.0,
    "Recipe_NitrogenGasWellNormal|clk=2.50|ps=3|sl=0/0": 7.0,
    "Recipe_NitrogenGasWellPure|clk=2.50|ps=3|sl=0/0": 36.0,
    "Recipe_NonFissileUranium_C|clk=1.00|ps=0|sl=0/2": 16.92476730064393,
    "Recipe_NuclearWaste|clk=1.00|ps=0|sl=0/0": 423.1191825160982,
    "Recipe_PackagedNitrogen_C|clk=1.00|ps=0|sl=0/0": 11.313119647979635,
    "Recipe_PackagedTurboFuel_C|clk=1.00|ps=0|sl=0/0": 162.19954871071513,
    "Recipe_PetroleumCoke_C|clk=1.00|ps=0|sl=0/2": 73.83507666749638,
    "Recipe_PlutoniumCell_C|clk=1.00|ps=0|sl=0/2": 25.38715095096589,
    "Recipe_PlutoniumFuelRod_C|clk=1.00|ps=0|sl=0/4": 16.924767300643925,
    "Recipe_Plutonium_C|clk=1.00|ps=0|sl=0/4": 8.462383650321962,
    "Recipe_PressureConversionCube_C|clk=1.00|ps=0|sl=0/2": 56.56559823989817,
    "Recipe_PureAluminumIngot_C|clk=1.00|ps=0|sl=0/1": 603.1844760827005,
    "Recipe_QuantumEnergy_C|clk=1.00|ps=0|sl=0/2": 45.99107230484408,
    "Recipe_RadioControlUnit_C|clk=1.00|ps=0|sl=0/4": 45.25247859191854,
    "Recipe_RawQuartzImpure|clk=2.50|ps=3|sl=0/0": 3.0,
    "Recipe_RawQuartzNormal|clk=2.50|ps=3|sl=0/0": 7.0,
    "Recipe_RawQuartzPure|clk=2.50|ps=3|sl=0/0": 7.0,
    "Recipe_ResidualRubber_C|clk=1.00|ps=0|sl=0/2": 210.0,